contributors;
Monica Berti
Monica Berti
Kenny Morrell
Levan Gordeziani,Irine Darchia
Francesco Mambrini
Marie-Claire Beaulieu,Michèle Brunet
Michèle Brunet
Monica Berti
Mirena Slavova,Dimitar Illiev
Anise D'Orange Ferreira
Neven Jovanović
Giuseppe Celano
Kenny Morrell,Gregory R. Crane,Monica Berti
Monica Berti
Dag Haug,Giuseppe Celano
Giuseppe Celano
Chiara Palladino,Gabriel Bodard
Simona Stoyanova,Gabriel Bodard,Federico Aurora
Pietro Liuzzo,Tim Buckingham,Gabriel Bodard,Marie-Claire Beaulieu
Valeria Vitale,Sara Gonzalez,Eleni Bozia
Gabriel Bodard,Valeria Vitale
Kenny Morrell,J. Matthew Harrington,Gwen Gruber,Ryan Fowler
students,Michèle Brunet
students,Aurélien Berra
students,Eleni Bozia
Riccardo Strobino,Usama Gad
Maxim Romanov,Chiara Palladino
Dunja Ševerdija,Mario Benedik,Petra Šoštarić,Neven Jovanović
Anise D'Orange Ferreira
Irine Darchia
Chiara Palladino,Tariq Yousef,Stylianos Chronopoulos
Stylianos Chronopoulos,Monica Berti
Gregory R. Crane,Monica Berti
Levan Gordeziani
students,Dimitar Illiev
Maryam Foradi
Gabriel Bodard
Sebastian Heath
Gabriel Bodard,Usama Gad,Valeria Vitale
Valeria Vitale
Tom Elliott
Leif Isaksen
Charlotte Tupman,Arianna Ciula
Sebastian Heath,Tom Elliott
Jane Winters,Sarah Milligan,Jonathan Blaney
Greg Woolf,Silke Vanbeselaere
John Pearce
Monica Berti
Valeria Vitale,Chiara Palladino
Simona Stoyanova,Gabriel Bodard
Marja Vierros,Polina Yordanova
Dag Haug
Giuseppe Celano
Usama Gad
Gabriel Bodard,Rada Varga
Barbara McGillivray,Dag Haug
Francesco Mambrini,Matteo Romanello
Anise D'Orange Ferreira,Eleni Bozia
Levan Gordeziani
Maryam Foradi,Arash Keramati
Francesco Mambrini,Matteo Romanello
Federico Aurora
Lucia Vannini,Gabriel Bodard,Nadine Quenouille
Lucia Vannini,Nicola Reggiani,Marja Vierros
Farnoosh Shamsian,Maryam Foradi
Franziska Naether
Neven Jovanović
Stylianos Chronopoulos
Grigor Boykov,Maria Baramova,Dimitar Illiev
Marcel Mernitz,Valeria Vitale,Chiara Palladino
Thomas Köntges
Rada Varga,Simona Stoyanova, Tom Elliott,Gabriel Bodard
John Pearce
Valeria Vitale,Paula Granados García
Valeria Vitale,Paula Granados García
Tom Elliott,Chiara Palladino
Rada Varga,Tom Elliott,Gabriel Bodard
Simona Stoyanova,Matteo Romanello
Gabriel Bodard,Simona Stoyanova,Charlotte Roueché
Rada Varga,Gabriel Bodard
Sven Gronemeyer,Valeria Vitale,Graeme Earl
Tom Flynn,Graeme Earl
Gabriel Bodard,Philip Carter,Tyler Jo Smith,Valeria Vitale
Ryan Horne,Yanne Broux
Matthew Nicholls,Tom Flynn,Valeria Vitale
Tariq Yousef,Saman Rezaie,Gabriel Bodard,Maryam Foradi
Emma Bridges,Lucia Vannini,Gabriel Bodard
Gabriel Bodard,Martina Filosa,Monica Berti
Gabriel Bodard,Monica Berti
Simona Stoyanova,Lucia Vannini,Gabriel Bodard
Polina Yordanova,Marja Vierros
Francesco Mambrini,Dag Haug
Simona Stoyanova,Francesco Mambrini
Matteo Romanello,Barbara McGillivray
Valeria Vitale,Hugh Cayless
Patrick J. Burns
James Tauber
Anise D'Orange Ferreira,Eleni Bozia
Valeria Vitale,Chiara Palladino
Gabriel Bodard,Rada Varga
Angelos Barmpoutis,Eleni Bozia
Ana Vragolović,Mia Stubičar,Neven Jovanović
Farnoosh Shamsian,Arash Keramati,Maryam Foradi
Marja Vierros,Nicola Reggiani
Valeria Vitale
Franziska Naether,Josephine Hensel,Monica Berti,Miriam Amin
Valeria Vitale,Ruth Mostern,Jeffrey Becker
Valeria Vitale,Gethin Rees,Elton Barker
Valeria Vitale,Gabriel Bodard
Chris Donaldson,Adina Puscasu,Leonard Bruckner
Humphrey Southall,Emma Bridges,Elisa Bonacini
Charlotte Tupman,Jonathan Prag,Andrew Meadows,Tom Elliott,Hugh Cayless,Valeria Vitale,Gabriel Bodard
Valeria Vitale,Rachel Opitz,Thomas Flynn
Tom Brughmans
Andrea Wallace,Emma Payne,Gabriel Bodard
Elli Mylonas,Gabriel Bodard
Marja Vierros,Bridget Almas,Helma Dik
Valeria Vitale,Sinai Rusinek,Antonis Hadjikyriacou
Gabriel Bodard,Jen Baird
Polina Yordanova,Marja Vierros
Farnoosh Shamsian,Maryam Foradi
Marco Passarotti,Timo Korkiakangas
Gabriel Bodard,Christopher Ohge
Simona Stoyanova,Isabelle Marthot-Santaniello,Yasmine Amory
Christopher Ohge,Robert Gorman,Maciej Eder
Monica Berti
Angelo Mario Del Grosso,Federico Boschetti
Neven Jovanović
Eleni Bozia,Angelos Barmpoutis
Eleni Bozia
Katy Felkner
Chiara Palladino
Tamara Kalkhitashvili,Frank Grieshaber,Gabriel Bodard,Monica Berti
students,Neven Jovanović
Franziska Naether,Gabriel Bodard
Michel Reis,Caio Camargo,Anise D'Orange Ferreira
James Tauber
Caroline Schroeder
Eugenio Falcioni,Rossitza Atanassova
Alicia Walsh,Valeria Vitale,Emma Payne,Gabriel Bodard
Patricia Murrieta Flores,Zena Kamash,Usama Gad
Valeria Vitale,Martina Polig,Chiara Piccoli
Valeria Vitale,Tom Elliott,Johan Åhlfeldt
Matteo Romanello,Paula Granados García,Gabriel Bodard
Andrea Wallace,Richard Nevell,Gabriel Bodard
Rebecca Seifried,Chiara Palladino
Mia Ridge,John Pearce
Katharine Shields,Barbara McGillivray,Gabriel Bodard
Richard Nevell,Pietro Liuzzo,Emma Bridges,Gabriel Bodard
Charlotte Tupman,Gabriel Bodard
Matteo Romanello,Paula Granados García
Simona Stoyanova,Martina Filosa,Gabriel Bodard
Polina Yordanova,Vanessa Gorman
Tariq Yousef,Chiara Palladino
Toon Van Hal,Francesco Mambrini
Matteo Romanello,Aurélien Berra
Dimitar Illiev,Monica Berti
Dimitar Illiev
Dimitar Illiev,Monica Berti
Karsten Tolle,Alessio Sopracasa,Lily Grozdanova
Rada Varga,Monica Berti
Farnoosh Shamsian
Monica Berti
Anise D'Orange Ferreira,Christopher W. Blackwell
William Michael Short
Eleni Bozia
Eleni Bozia,Angelos Barmpoutis
Stefan Bornhofen,Rada VargaMatthew Nicholls
Andrea Wallace
Irene Vagionakis,Gabriel Bodard,Monica Berti
Irene Vagionakis,Charlotte Tupman,Jonathan Blaney
Irene Vagionakis,Alessio Sopracasa,Gabriel Bodard
Thea Sommerschield,Marton Ribary,Alek Keersmaekers
Valeria Vitale,Monica Berti
Richard Nevell,Gabriel Bodard,Monica Berti
Polina Yordanova,Marja Vierros,Vanessa Gorman,Francesca Dell’Oro
Chiara Palladino,Franziska Naether
Naomi Wells,Gabriel Bodard,Aurélien Berra
Alicia Walsh,Kelly McClinton,Gabriel Bodard
Valeria Vitale,James Morley
Andrea Wallace,Gabriel Bodard,Evelin Heidel,Effie Kapsalis
Valeria Vitale,Rainer Simon,Anne Chen
Andrea Wallace,Majd Al-shihabi,Brigitte Vézina
Rebecca Seifried,Piraye Hacıgüzeller
Alicia Walsh,Dinusha Mendis,Tom Flynn
Andrea Wallace,Mathilde Pavis,Douglas McCarthy
Alicia Walsh,Chiara Piccoli,Vasiliki Lagari
Valeria Vitale,Gabriel Bodard,Monica Berti
Irene Vagionakis,Gabriel Bodard,Alice Bencivenni
Elli Mylonas,Michael Satlow
Francesca Dell'Oro
Alek Keersmaekers,Toon Van Hal
Alessandro Vatri,James Tauber
Yanne Broux
Gabriel Bodard,Monica Berti
Valeria Vitale,Elton Barker
Matteo Romanello
Samuel J. Huskey
Jens Wittig,Corina Willkommen
Franziska Naether,Rita Lucarelli
Franziska Naether,Susanne Töpfer
James Tauber,Alek Keersmaekers,Peter Heslin,Gabriel Bodard
Polina Yordanova,Gabriel Bodard
Christopher Ohge,Gabriel Bodard,Aurélien Berra
Scott DiGiulio,Gabriel Bodard
Marja Vierros,Francesco Mambrini,Nicole Iu
Maia Shukhosvili,Farnoosh Shamsian,Chiara Palladino
Valeria Vitale,Monica Berti
Martina Astrid Rodda,Alek Keersmaekers
John Pearce,Richard Nevell,Gabriel Bodard
Susanne Töpfer,Paula Granados García
Dan Pett,Daniel O'Flynn,Gabriel Bodard
Stella Wisdom,Rhiannon Lewis,Paula Granados García
Gabriel Bodard,Tosca Lynch,Orly Lewis
Valeria Vitale,Paula Granados García
Andrea Wallace,Douglas McCarthy
Rebecca Seifried,Sarah Murray
Andrew Reinhard,Coré Ferrer-Alcantud
Matthew Harrington,Vanessa Gorman
Marja Vierros,Lucia Vannini,Gabriel Bodard
Paolo Monella,Rosa Lorito,Gabriel Bodard
Francesco Mambrini,Francesca Dell’Oro
Shani Evenstein Sigalov,Monica Berti
Usama Gad,Martina Filosa,Gabriel Bodard
Katharine Shields,Richard Nevell,Gabriel Bodard,Monica Berti
Valeria Vitale,Paula Granados García
Andrea Wallace,Saima Akhtar
Orly Lewis,Gabriel Bodard
Paula Granados García,Victoria Donnellan
Gabriel Bodard,Shani Evenstein Sigalov,Monica Berti
Joel Kalvesmaki,Gabriel Bodard,Monica Berti
Anne Chen,Gabriel Bodard,Monica Berti
