host;guests
Monica Berti;Monica Berti
Monica Berti;Monica Berti
Monica Berti;Kenny Morrell
Monica Berti;Levan Gordeziani,Irine Darchia
Monica Berti;Francesco Mambrini
Monica Berti;Marie-Claire Beaulieu,Michèle Brunet
Monica Berti;Michèle Brunet
Monica Berti;Monica Berti
Monica Berti;Mirena Slavova,Dimitar Illiev
Monica Berti;Anise D'Orange Ferreira
Monica Berti;Neven Jovanović
Monica Berti;Giuseppe Celano
Monica Berti;Kenny Morrell,Gregory R. Crane,Monica Berti
Monica Berti;Monica Berti
Monica Berti;Dag Haug,Giuseppe Celano
Monica Berti;Giuseppe Celano
Monica Berti;Chiara Palladino,Gabriel Bodard
Gabriel Bodard;Simona Stoyanova,Gabriel Bodard,Federico Aurora
Monica Berti;Pietro Liuzzo,Tim Buckingham,Gabriel Bodard,Marie-Claire Beaulieu
Gabriel Bodard;Valeria Vitale,Sara Gonzalez,Eleni Bozia
Monica Berti;Gabriel Bodard,Valeria Vitale
Monica Berti;Kenny Morrell,J. Matthew Harrington,Gwen Gruber,Ryan Fowler
Monica Berti;students,Michèle Brunet
Monica Berti;students,Aurélien Berra
Monica Berti;students,Eleni Bozia
Monica Berti;Riccardo Strobino,Usama Gad
Monica Berti;Maxim Romanov,Chiara Palladino
Monica Berti;Dunja Ševerdija,Mario Benedik,Petra Šoštarić,Neven Jovanović
Monica Berti;Anise D'Orange Ferreira
Monica Berti;Irine Darchia
Monica Berti;Chiara Palladino,Tariq Yousef,Stylianos Chronopoulos
Monica Berti;Stylianos Chronopoulos,Monica Berti
Monica Berti;Gregory R. Crane,Monica Berti
Monica Berti;Levan Gordeziani
Monica Berti;students,Dimitar Illiev
Monica Berti;Maryam Foradi
Gabriel Bodard
Gabriel Bodard;Sebastian Heath
Gabriel Bodard;Gabriel Bodard,Usama Gad,Valeria Vitale