,Germany,
,Germany,
,USA,
,Georgia,
,Germany,
,France,
,France,
,Germany,
,Bulgaria,
,Brazil,
,Croatia,
,Germany,
,Germany,
,Germany,
,Germany,
,Germany,
,England,
,Norway,
,USA,
,USA,
,England,
,USA,
,France,
,France,
,USA,
,Egypt / Germany,
,Italy / Germany,
,Croatia,
,Brazil,
,Georgia,
,Germany,
,Germany,
,Germany,
,Georgia,
,Bulgaria,
,Germany,
,England,
,USA,
,England,
,England,
,USA,
,England,
,England,
,USA,
,England,
,Belgium,
,England,
,Germany,
,Germany / Italy,
,England,
,Bulgaria,
,Norway,
,Germany,
,Egypt,
,Romania,
,Norway,
,Germany,
,USA,
,Georgia,
,Iran,
,Germany,
,Norway,
,Germany,
,Italy / Germany,
,Germany,
,Germany,
,Croatia,
,Germany,
,Bulgaria,
,Germany / Italy,
,Germany,
,England,
,England,
,England,
,England,
,Germany / Italy,
,England,
,Germany / Switzerland,
,England,
,England,
,England,
,England,
,England,
,France,
,England,
,Germany,
,England,
,Germany,
,Germany,
,England,
,Finland,
,Norway,
,Germany,
,England,
,USA,
,USA,
,USA,
,USA,
,Germany / Italy,
,Romania,
,USA,
,Croatia,
,Germany,
,Italy,
,England,
,Germany,
,USA,
,England,
,England,
,Romania,
,USA,
,England,
,France / USA,
,England,
,England,
,England,
,USA,
,Turkey,
,England,
,Finland,
,Germany,
,Finland,
,England,
,Belgium,
,Poland,
,Germany,
,Italy,
,Croatia,
,USA,
,USA,
,USA,
,USA,
,Germany,
,Croatia,
,England,
,Brazil,
,USA,
,USA,
,England,
,England,
,Egypt,
,Netherlands,
,Sweden,
,England,
,England,
,USA,
,England,
,England,
,England,
,England,
,England,
,England,
,USA,
,USA,
,Italy,
,France,
,Germany,
,Bulgaria,
,Germany,
,Bulgaria,
,Germany,
,Germany,
,Germany,
,USA,
,England,
,USA,
,USA,
,Romania,
,England,
,England,
,Germany,
,England,
,England,
,Belgium,
,Germany,
,Germany,
,Switzerland,
,Germany,
,France,
,England,
,,
,USA,
,USA,
,USA,
,Belgium,
,France/USA,
,Netherlands,
,Netherlands,
,Germany,
,Italy,
,USA,
,Switzerland,
,Belgium,
,USA,
,France,
,Germany,
,England,
,Switzerland,
,USA,
,Germany,
,USA,
,Italy,
,England,
,England,
,France,
,England,
,England,
,USA,
,Germany,
,Belgium,
,England,
,England,
,England,
,England,
,Israel,
,England,
,Canada,
,Spain,
,USA,
,England,
,England,
,Switzerland,
,Germany,
Georgia,
USA,
Bulgaria,
USA / Germany,
Norway,
Italy / Germany,
England,
England,
USA,
England,
USA,
USA,
Germany,
Croatia,
Germany,
Germany,
USA / Germany,
Egypt / Germany,
England,
USA,
England,
England,
England,
England,
Finland,
England,
England,
Germany,
Brazil,
Iran,
Germany,
England,
Finland,
Iran,
Bulgaria,
England,
USA,
England,
England,
USA,
USA,
England,
England,
Romania,
Germany,
England,
England,
USA,
England,
Germany,
England,
England,
England,
England,
Bulgaria/ England,
Germany,
England,
Switzerland,
England,
Brazil,
England,
England,
USA,
Croatia,
Iran,
Finland,
Germany,
USA,
England,
England,
Romania,
England,
England,
England,
England,
USA,
Alpheios,
Israel,
England,
Finland,
Iran,
Italy,
England,
Switzerland,
USA,
Italy,
USA,
England,
Croatia,
Germany / South Africa,
Brazil,
England,
England,
England,
Cyprus/Belgium,
USA,
England,
England,
USA,
England,
England,
England,
England,
Switzerland,
Germany,
Finland,
Germany,
Belgium,
Switzerland,
Bulgaria,
Bulgaria,
France,
Romania,
Brazil,
USA,
France,
England,
England,
France,
England,
England,
England,
USA,
USA,
England,
USA,
England,
USA,
Austria,
Canada,
USA,
England,
England,
Netherlands,
England,
England,
USA,
Belgium,
England,
England,
England,
,
,
Germany,
Germany,
Germany,
England,
Finland,
England,
USA,
Italy,
,
Germany,
England,
England,
England,
Italy,
England,
England,
England,
England,
England,
USA,
USA,
USA,
England,
Italy,
Italy,
Israel/England,
,
,
,
,
,
,
,
,
,
,
,
,
Greece,
,
,
,
,
England,
USA,
England,
,
USA,
,
,
,
,
,
Croatia,
,
,
Italy / Germany,
,
,
,
,
,
,
,
England,
,
,
,
,
,
England,
,
,
,
,
,
,
,
,
,
,
,
,
,
,
,
,
,
England,
England,
,
,
,
,
Bulgaria,
Germany,
,
England,
,
,
,
,
Romania,
,
England,
,
England,
England,
USA,
,
England,
Iran,
England,
Germany,
,
England,
,
,
,
,
,
,
,
,
,
,
,
Croatia,
Iran,
,
,
Germany,
England,
England,
,
England,
England,
USA,
England,
,
England,
,
Finland,
England,
,
,
,
,
,
England,
England,
,
,
,
,
,
,
,
Germany,
,
,
Brazil,
,
,
,
England,
England,
England,
England,
Switzerland,
England,
,
,
England,
Germany,
,
,
England,
,
,
,
Germany,
Italy,
Italy,
Italy,
England,
England,
Finland,
England,
Netherlands,
England,
England,
England,
Netherlands,
England,
Netherlands,
England,
Italy,
Belgium,
England,
Finland,
Georgia,
England,
England,
England,
England,
Finland,
Italy,
Germany,
Greece,
Croatia,
Romania,
England,
Germany,
USA,
Georgia,
Netherlands,
England,
Finland,
England,
USA,
England,
