196,Gabriel Bodard
196,Monica Berti
197,Valeria Vitale,
197,Elton Barker
198,Matteo Romanello
199,Samuel J. Huskey
200,Jens Wittig,
200,Corina Willkommen
201,Franziska Naether,
201,Rita Lucarelli
202,Franziska Naether,
202,Susanne Töpfer
203,James Tauber,
203,Alek Keersmaekers
203,Peter Heslin
203,Gabriel Bodard
204,Polina Yordanova
204,Gabriel Bodard
205,Christopher Ohge,
205,Gabriel Bodard,
205,Aurélien Berra
206,Scott DiGiulio
206,Gabriel Bodard
207,Marja Vierros
207,Francesco Mambrini,
207,Nicole Iu
208,,,,,,
209,Maia Shukhosvili,
209,Farnoosh Shamsian,
209,Chiara Palladino
210,Valeria Vitale
210,Monica Berti
211,Martina Astrid Rodda
211,Alek Keersmaekers
212,John Pearce,
212,Richard Nevell
212,Gabriel Bodard
213,Susanne Töpfer
213,Paula Granados García
214,Dan Pett
214,Daniel O'Flynn
214,Gabriel Bodard
215,Stella Wisdom
215,Rhiannon Lewis
215,Paula Granados García
216,Gabriel Bodard
216,Tosca Lynch
216,Orly Lewis
217,Valeria Vitale,
217,Paula Granados García
218,Andrea Wallace,
218,Douglas McCarthy
219,Rebecca Seifried,
219,Sarah Murray
220,Andrew Reinhard
220,Coré Ferrer-Alcantud
221,Matthew Harrington
221,Vanessa Gorman
222,Marja Vierros
222,Lucia Vannini
222,Gabriel Bodard
223,Paolo Monella
223,Rosa Lorito
223,Gabriel Bodard
224,Francesco Mambrini
224,Francesca Dell’Oro
225,Shani Evenstein Sigalov
225,Monica Berti
226,Usama Gad
226,Martina Filosa
226,Gabriel Bodard
227,Katharine Shields
227,Richard Nevel
227,Gabriel Bodard
227,Monica Berti
228,Valeria Vitale
228,Paula Granados García
229,,,,,,
230,,,,,,
231,Andrea Wallace
231,Saima Akhtar
232,Orly Lewis
232,Gabriel Bodard
233,Paula Granados García
233,Victoria Donnellan
234,,,,,,
235,Gabriel Bodard
235,Shani Evenstein Sigalov
235,Monica Berti
236,Joel Kalvesmaki
236,Gabriel Bodard
236,Monica Berti
237,Anne Chen,
237,Gabriel Bodard
237,Monica Berti
238,,,,,,